"","Met","p-value"
"1","CSF_TOT","0.0242315563032527"
"2","SI_TOT","0.490564491260597"
"3","SO_TOT","0.509257840354474"
"4","NI_TOT","0.188861950544311"
"5","NO_TOT","0.583070104446787"
"6","II_TOT","0.38730970747262"
"7","IO_TOT","0.444053166071706"
"8","TI_TOT","0.237765937638517"
"9","TO_TOT","0.412044293626272"
